user_id,phone_number,imei,imsi,home_cell_id,user_type,creation_date,call_pattern
user_0000,+911066639028,685160481754969,405919487319283,cell_027,student,2023-12-24,business
user_0001,+919609997984,370985931746127,405155553834850,cell_008,student,2025-06-27,business
user_0002,+915733764781,711382675869269,405933120553245,cell_002,individual,2024-11-21,social
user_0003,+910662213376,640537735158505,405604847579484,cell_019,individual,2023-10-10,social
user_0004,+919528900215,713900532931835,405855231713220,cell_023,individual,2023-12-22,social
user_0005,+918736500592,529042284210200,405552291196826,cell_002,business,2023-11-21,business
user_0006,+910359370457,502402681177584,405856540579508,cell_022,individual,2024-03-02,social
user_0007,+915738505279,908470076617714,405208833695350,cell_013,individual,2024-05-06,business
user_0008,+912711012400,249985698478961,405220742242483,cell_043,business,2024-07-18,business
user_0009,+916596349190,836736576615656,405958765358727,cell_015,individual,2025-01-24,social
user_0010,+915456503892,711116152809880,405525968088765,cell_042,individual,2024-01-27,social
user_0011,+910082711181,604945198327318,405543261274819,cell_006,business,2023-11-08,business
user_0012,+917220810370,493689980940243,405994969715611,cell_022,business,2025-08-13,social
user_0013,+911332564178,502296120183664,405684556438968,cell_049,individual,2024-05-20,business
user_0014,+916794995464,599102290147679,405877836246759,cell_035,individual,2025-04-05,business
user_0015,+918250229245,815614978403697,405175149621108,cell_026,individual,2025-07-12,business
user_0016,+919152243832,324451076226836,405744143980947,cell_039,individual,2024-09-17,social
user_0017,+914612403464,516060715969665,405478636603321,cell_047,individual,2025-04-29,business
user_0018,+918568592920,529751613696810,405605584310196,cell_009,business,2024-12-11,social
user_0019,+919662773813,352181883552310,405282998991861,cell_015,individual,2024-11-27,business
user_0020,+916635615870,212779979955279,405181807784232,cell_010,individual,2024-12-20,social
user_0021,+919027935898,490581477005416,405922980557770,cell_011,business,2024-01-24,social
user_0022,+917603114165,998679807935977,405744999504670,cell_026,individual,2025-06-22,business
user_0023,+919990506689,151820377889258,405576702989738,cell_001,student,2025-03-05,business
user_0024,+913375839460,590515186449255,405205532668517,cell_011,individual,2024-02-21,business
user_0025,+914006675666,546291486528166,405754446391594,cell_047,individual,2025-02-05,business
user_0026,+914726069471,235733221418889,405149339774838,cell_021,individual,2024-01-13,social
user_0027,+914404499318,929622292706534,405660065671562,cell_026,individual,2025-06-26,social
user_0028,+910354233028,738347359774680,405773453082304,cell_042,individual,2024-02-20,business
user_0029,+914999373997,392407581814121,405443538808586,cell_047,individual,2023-11-17,social
user_0030,+918174555920,613750606853610,405570270574740,cell_015,individual,2025-02-14,business
user_0031,+915657566885,152204727790103,405428959317927,cell_017,individual,2024-06-18,business
user_0032,+916393239537,986143410369718,405247141161585,cell_010,business,2025-05-21,social
user_0033,+918345382824,808932460953967,405334013482941,cell_044,individual,2025-06-14,business
user_0034,+915322633673,518888806706540,405120213849167,cell_006,individual,2025-04-13,business
user_0035,+911147451300,319520585277225,405189706470226,cell_024,business,2023-12-07,social
user_0036,+913395266454,043030548687404,405925062911029,cell_002,individual,2025-06-20,business
user_0037,+913149407137,054156676527750,405766526585689,cell_030,individual,2025-08-17,business
user_0038,+915472126248,616928451154476,405873821619589,cell_014,business,2024-04-08,business
user_0039,+916317860292,757059640165820,405138782615325,cell_012,individual,2024-05-09,social
user_0040,+910946427298,702135569092752,405572226369110,cell_029,individual,2024-07-26,business
user_0041,+915089778657,285654310278683,405259487154288,cell_022,individual,2024-02-09,business
user_0042,+910801656338,739473121727150,405959846841103,cell_019,individual,2025-05-28,business
user_0043,+911610518118,844225831323703,405569007881985,cell_014,individual,2024-09-08,business
user_0044,+910946294060,829114678669126,405506715193445,cell_014,individual,2024-03-01,social
user_0045,+918403837327,852892268018240,405319201968698,cell_001,individual,2024-02-23,social
user_0046,+914458969614,358414384249813,405747547801805,cell_042,individual,2024-06-05,social
user_0047,+910502428606,922995900109432,405834720083874,cell_012,individual,2024-11-26,social
user_0048,+915162633921,784473647102761,405716365826789,cell_025,individual,2024-06-04,business
user_0049,+912117280236,255562588153713,405446086726001,cell_021,individual,2024-11-03,business
user_0050,+916133073775,046963259532784,405698393204667,cell_017,individual,2025-04-13,business
user_0051,+912797478971,016873395004796,405931796600050,cell_004,individual,2025-07-26,business
user_0052,+918203964480,016245650609838,405568348722436,cell_049,individual,2025-05-23,business
user_0053,+915296717499,878499121655857,405283173756264,cell_017,individual,2024-02-11,social
user_0054,+916970145150,800025787298258,405882337369271,cell_022,individual,2024-04-02,business
user_0055,+912812055592,949588879470550,405966135608485,cell_041,individual,2024-06-05,social
user_0056,+918847626434,409749930972895,405589486044859,cell_032,individual,2024-04-04,social
user_0057,+919151524975,091307562636894,405701508795394,cell_025,business,2023-11-26,social
user_0058,+913671098396,028385786527852,405795226516608,cell_043,individual,2024-06-27,social
user_0059,+918480862800,497334843443753,405719889112706,cell_034,individual,2023-11-19,social
user_0060,+913044422490,441986652404157,405663031497778,cell_021,individual,2025-05-31,social
user_0061,+918440020840,338484219933089,405384766858092,cell_001,individual,2025-03-14,business
user_0062,+916080018331,657120826773452,405469126015883,cell_007,individual,2025-01-06,social
user_0063,+918713819040,193802620672407,405114859135324,cell_016,individual,2024-10-28,social
user_0064,+918427804553,547887287431527,405680356908957,cell_011,individual,2024-09-05,social
user_0065,+918617385404,054932966851618,405330647353585,cell_037,student,2024-11-27,social
user_0066,+916914843517,304637454990455,405987914424764,cell_016,individual,2023-10-25,social
user_0067,+918487656928,742684145933274,405292341212950,cell_002,individual,2025-05-20,social
user_0068,+914914054217,568783391878519,405821537891578,cell_006,individual,2025-03-25,social
user_0069,+918784114822,839822587139711,405750865505311,cell_038,individual,2025-02-12,business
user_0070,+915338656733,286790874064037,405840416692895,cell_027,individual,2024-10-20,social
user_0071,+919116965050,180170462265676,405582213576553,cell_022,individual,2024-07-22,social
user_0072,+913192810085,825128682300474,405964682247309,cell_046,business,2025-09-11,social
user_0073,+918709283083,633752431069030,405361972320282,cell_020,individual,2025-04-21,social
user_0074,+912305076340,790306738302846,405391111911124,cell_027,business,2025-04-26,social
user_0075,+912225379708,599534283644082,405853442858410,cell_038,business,2024-01-08,social
user_0076,+910771607513,687056856624623,405788885023298,cell_032,individual,2024-06-21,social
user_0077,+912372580746,427086688263435,405520769093467,cell_007,individual,2025-08-17,social
user_0078,+918852598613,518304699013981,405375749564283,cell_024,individual,2025-06-27,social
user_0079,+918862311725,540331739363857,405461091278504,cell_036,individual,2023-10-06,social
user_0080,+912194879693,544587717535564,405158849826828,cell_012,individual,2025-08-07,business
user_0081,+914391644094,204899642353692,405411703044335,cell_016,individual,2025-07-22,social
user_0082,+918976461146,547772522872807,405772405951997,cell_002,individual,2024-03-06,social
user_0083,+918312974317,006231203875091,405912017103157,cell_045,individual,2025-03-06,social
user_0084,+914577413188,770088600848408,405741882842869,cell_027,business,2024-05-23,social
user_0085,+915725343194,211823398454613,405570472134085,cell_000,student,2024-09-21,social
user_0086,+911469669492,334101666870024,405206693545613,cell_033,individual,2024-05-27,social
user_0087,+916792242759,591803397401486,405826814563373,cell_034,individual,2024-01-26,business
user_0088,+917143172975,503926142939689,405526591272721,cell_043,individual,2024-09-30,social
user_0089,+917970076227,185016315999658,405130835842018,cell_046,individual,2025-06-07,social
user_0090,+917682244202,773586629619432,405196736825527,cell_047,individual,2023-12-31,business
user_0091,+910848894789,265511047541213,405336228462587,cell_047,individual,2025-04-17,social
user_0092,+916081672983,861015819956041,405625009714429,cell_042,individual,2024-10-20,business
user_0093,+915099410167,839826224447215,405316551712050,cell_012,individual,2025-05-19,social
user_0094,+913121851637,715437993712403,405605518369847,cell_023,individual,2024-07-05,social
user_0095,+914957180308,575692459375269,405500591019107,cell_027,individual,2024-03-11,social
user_0096,+913437761879,793564651939825,405979758499935,cell_004,business,2023-10-10,business
user_0097,+915410598082,737416724342668,405199785530743,cell_042,individual,2024-12-21,social
user_0098,+918641318318,968868058911354,405317258457715,cell_021,individual,2024-01-25,business
user_0099,+915937473850,656101438889933,405679108448571,cell_039,individual,2024-06-13,social
user_0100,+917652927651,982507146112548,405535664767620,cell_020,individual,2025-08-28,business
user_0101,+914975396715,757177514010518,405961607278157,cell_042,business,2023-10-15,social
user_0102,+911274683115,382825867362269,405608435570314,cell_007,individual,2024-03-12,social
user_0103,+910338548930,379660334191822,405564751016314,cell_046,individual,2024-10-16,social
user_0104,+913027005811,478596969155793,405324777984171,cell_019,business,2024-11-10,social
user_0105,+912109963674,499125134125289,405594318642472,cell_032,individual,2025-06-04,business
user_0106,+912239519410,662782827422579,405897784894827,cell_019,individual,2024-01-12,business
user_0107,+910308673353,072368876767724,405206892529714,cell_042,individual,2025-08-04,social
user_0108,+911946653091,340438427978817,405834710851641,cell_026,individual,2025-07-16,social
user_0109,+911411803540,580783613407450,405217061299992,cell_020,individual,2025-05-25,social
user_0110,+910892668043,339596292330952,405786840489569,cell_025,individual,2024-08-16,social
user_0111,+913879500219,544948126042238,405287126890051,cell_044,business,2025-02-07,social
user_0112,+918324775185,672946671168456,405689923201786,cell_018,student,2024-01-11,business
user_0113,+918216583524,017518636374543,405530516767793,cell_035,individual,2023-11-22,business
user_0114,+910214181553,750017012770638,405989357632688,cell_008,student,2025-06-23,social
user_0115,+917427784142,424154152064366,405938575804406,cell_012,individual,2023-11-25,business
user_0116,+910183857650,371293870051620,405714364353733,cell_026,individual,2024-06-20,business
user_0117,+915246304014,115542622189096,405937726727484,cell_042,individual,2025-02-20,business
user_0118,+912864404151,326973112196562,405501770737234,cell_024,business,2023-11-30,business
user_0119,+917964128100,138999404389836,405606659928116,cell_043,individual,2024-02-27,business
user_0120,+914658521403,376137918055267,405826320755307,cell_047,individual,2025-04-13,social
user_0121,+913571674763,271091043006840,405900995790797,cell_011,business,2024-10-07,social
user_0122,+918415760682,661889241418323,405785752012618,cell_039,individual,2024-09-22,social
user_0123,+912120027488,146303161799046,405952969610542,cell_036,business,2024-07-26,social
user_0124,+914954342640,102027588425246,405259772277608,cell_019,business,2024-06-05,business
user_0125,+917678065355,648149177850791,405313441258849,cell_025,individual,2024-09-07,business
user_0126,+919185730526,191380003075626,405327535496128,cell_035,student,2024-03-11,social
user_0127,+918535722706,863536541951809,405329794606595,cell_000,individual,2025-08-18,social
user_0128,+915093185526,061744518705342,405828635351435,cell_019,business,2025-05-15,social
user_0129,+913024634859,375973832060388,405548716033478,cell_018,individual,2025-01-07,social
user_0130,+910113394946,050641383670241,405215540286498,cell_013,individual,2025-06-09,business
user_0131,+914030828659,865719182619908,405654411676713,cell_027,individual,2025-08-28,business
user_0132,+910135521408,445655743132911,405299719829517,cell_037,individual,2024-12-18,social
user_0133,+914273546228,561853747411240,405994948479478,cell_038,individual,2024-06-05,business
user_0134,+915574143745,521356804420672,405815905125055,cell_041,business,2023-11-22,business
user_0135,+915901393934,712100323651999,405433172934624,cell_020,student,2025-08-03,business
user_0136,+911283998599,137215107029662,405738570930128,cell_029,individual,2024-06-17,social
user_0137,+912212136503,253244720999347,405731466713812,cell_028,individual,2025-03-21,social
user_0138,+911740844476,014626383806573,405797890814230,cell_028,business,2024-02-18,business
user_0139,+919304874947,985642059304078,405772298288686,cell_043,individual,2024-10-13,social
user_0140,+914724231802,321334803965221,405400385365543,cell_013,individual,2025-09-06,social
user_0141,+912650242533,590599293784279,405147207865585,cell_032,individual,2024-01-08,business
user_0142,+913039540574,308705932525005,405289611964909,cell_030,individual,2023-12-29,social
user_0143,+915614748118,185156915452263,405919552639966,cell_047,student,2024-07-24,social
user_0144,+916969228273,289539264422092,405609734111760,cell_010,business,2024-05-17,social
user_0145,+913346933625,902959391725130,405543607590175,cell_042,student,2024-01-25,business
user_0146,+917944242844,157043315410067,405668414507877,cell_005,business,2025-01-16,social
user_0147,+917659340113,676586179327105,405475443529794,cell_018,individual,2024-07-28,business
user_0148,+914252759577,115262181599709,405655275458900,cell_032,student,2024-11-30,business
user_0149,+912471405189,620153368844430,405227031222529,cell_042,individual,2024-06-03,social
user_0150,+918518919843,720506149731030,405314307406128,cell_040,individual,2025-07-24,social
user_0151,+913495328720,714677418625659,405339756080332,cell_039,individual,2024-04-25,business
user_0152,+918492318693,743490211586935,405803377182424,cell_021,individual,2024-01-24,business
user_0153,+910684996770,868793741608989,405832111472104,cell_005,individual,2024-02-03,social
user_0154,+919689566305,172233206163299,405438522459479,cell_048,individual,2024-01-19,social
user_0155,+916552557559,116868548709980,405635559846592,cell_015,individual,2024-07-30,business
user_0156,+916361577784,999119148564676,405834262414428,cell_043,individual,2024-08-02,business
user_0157,+917325942397,462996065307458,405123266046688,cell_019,individual,2025-09-25,social
user_0158,+912028544232,447132475469137,405667630556422,cell_014,individual,2024-10-11,social
user_0159,+919383965261,785082148628907,405323894568582,cell_012,individual,2025-04-24,social
user_0160,+916195294429,030705345786102,405407456280109,cell_009,individual,2024-12-24,social
user_0161,+912005565796,279855241406024,405839424768672,cell_001,business,2024-02-06,business
user_0162,+914309200941,333468007229037,405421088835860,cell_002,individual,2023-11-04,social
user_0163,+918661827485,466574374896915,405109504631527,cell_015,individual,2024-05-26,social
user_0164,+916984946145,589944171545440,405932495090817,cell_030,business,2025-08-11,social
user_0165,+910470131516,432830965207444,405633742942103,cell_039,individual,2024-07-31,social
user_0166,+913687771930,993538758428246,405228132865946,cell_049,individual,2025-03-23,social
user_0167,+916441406234,825135346554942,405699333165700,cell_004,business,2025-04-09,social
user_0168,+918432174916,999173816846029,405270607474414,cell_029,student,2024-04-12,business
user_0169,+918188862745,972521752500742,405362869128437,cell_026,business,2024-12-22,business
user_0170,+919399683767,271296666760080,405353698491794,cell_040,business,2025-04-14,social
user_0171,+910312622840,583003354216897,405497702532651,cell_036,individual,2024-03-06,social
user_0172,+918525799432,447898562575324,405619075026331,cell_012,individual,2025-09-15,business
user_0173,+913361404499,230982150648907,405866936717294,cell_045,student,2023-11-14,social
user_0174,+917959337263,001676184723045,405637922742919,cell_044,individual,2024-11-03,social
user_0175,+917453674162,499261891411735,405875517570628,cell_024,individual,2024-03-20,business
user_0176,+910359906757,835642087375301,405110954675055,cell_031,individual,2024-06-20,social
user_0177,+919894533127,972181143744705,405226857133515,cell_025,business,2024-09-01,social
user_0178,+917852340880,455611002255791,405445025976316,cell_015,business,2025-06-23,business
user_0179,+914873536763,521667467621205,405305420123281,cell_009,individual,2025-09-27,social
user_0180,+910998819260,797296590277162,405662531195895,cell_041,individual,2025-04-15,business
user_0181,+919200807092,508993588916375,405543819923112,cell_044,individual,2023-10-25,social
user_0182,+916325646357,289002877217533,405529382891469,cell_000,student,2025-07-13,business
user_0183,+916003195199,386631779717753,405254912022844,cell_048,student,2024-09-22,social
user_0184,+914949993439,016608801994886,405369688833122,cell_049,individual,2024-10-19,social
user_0185,+918207908583,550375899757118,405940229022144,cell_006,individual,2024-12-02,business
user_0186,+917543148205,488510272614931,405349170106308,cell_049,individual,2025-02-02,social
user_0187,+916779783715,373516091779827,405735598213158,cell_027,individual,2023-11-04,social
user_0188,+916052748028,869782922169950,405749450399387,cell_014,business,2025-02-19,social
user_0189,+913085718064,934654722698489,405507113282087,cell_011,business,2024-01-17,social
user_0190,+913850921749,333945228851581,405714142867409,cell_044,individual,2024-10-14,social
user_0191,+913329189999,684608106200340,405307230883780,cell_033,student,2023-10-18,social
user_0192,+919594490470,204380571983866,405406788080114,cell_029,individual,2025-09-22,social
user_0193,+910621223845,406665800439731,405916138238773,cell_003,business,2024-09-07,social
user_0194,+913437537890,989334721228160,405154126792252,cell_035,individual,2025-08-16,social
user_0195,+911582705155,229405720259098,405949331476216,cell_015,individual,2024-08-17,social
user_0196,+910624584958,851583281826884,405614200453212,cell_007,individual,2025-02-16,business
user_0197,+917084517539,355543987801573,405401727007476,cell_029,student,2024-07-06,social
user_0198,+913940132335,930561648408584,405756553463085,cell_008,individual,2025-05-28,business
user_0199,+915499920241,358112880133618,405365733710731,cell_029,individual,2023-10-11,social
user_0200,+916216554368,612075011024813,405832245980570,cell_042,business,2024-04-08,social
user_0201,+914754507669,667665061809196,405158002469896,cell_033,business,2024-08-22,business
user_0202,+918509774597,814491476607287,405388091927874,cell_035,individual,2023-12-18,business
user_0203,+916225305137,842450882100992,405600081185375,cell_038,individual,2024-09-19,social
user_0204,+910225777439,435368222394311,405333382528460,cell_020,individual,2024-03-23,social
user_0205,+911865992078,087814141397550,405266869860839,cell_048,individual,2025-03-04,business
user_0206,+914284380488,491357759492998,405566015540846,cell_028,business,2025-06-19,social
user_0207,+915187434045,205336452577756,405497096054081,cell_039,individual,2024-06-21,business
user_0208,+916190180993,914283411080994,405617212022285,cell_046,business,2025-08-29,business
user_0209,+912156909684,084887256394273,405740150768277,cell_032,individual,2024-09-06,business
user_0210,+915981607731,803928272299270,405552799131506,cell_027,individual,2023-12-16,social
user_0211,+914286571062,314530385677001,405938409915286,cell_035,individual,2023-10-14,social
user_0212,+915197344920,844989266591847,405581281795559,cell_028,student,2023-11-03,business
user_0213,+913631193193,655779082723184,405927575332596,cell_010,individual,2023-12-20,business
user_0214,+911699893660,259136517773926,405920863715529,cell_047,business,2024-03-06,business
user_0215,+916452847110,029922809202424,405762805056031,cell_030,student,2024-07-17,social
user_0216,+910308677525,904137977236923,405842886915559,cell_028,business,2024-04-21,business
user_0217,+914782143868,842579913662107,405355728664618,cell_016,individual,2024-06-03,social
user_0218,+914020904070,629127990881171,405947102127010,cell_048,individual,2025-03-06,social
user_0219,+910218384489,068650863765998,405222235523536,cell_015,individual,2024-12-04,business
user_0220,+915002778615,314986430098185,405103279623786,cell_040,individual,2024-02-07,business
user_0221,+912561157375,565126944869590,405454598441030,cell_017,student,2024-01-18,business
user_0222,+914827414195,368872588744957,405603668994609,cell_049,business,2024-03-03,social
user_0223,+911717798556,137213865890262,405915965213714,cell_049,individual,2025-01-24,business
user_0224,+918744332767,279611435190660,405886174938642,cell_033,individual,2025-08-24,business
user_0225,+912440354897,902770384309886,405997603285020,cell_031,individual,2025-07-18,business
user_0226,+918574914873,053021465669387,405117824839316,cell_040,business,2024-03-03,business
user_0227,+912360385470,184895543937695,405108604986055,cell_015,individual,2024-07-12,social
user_0228,+915362006574,181845184894767,405820442350356,cell_017,individual,2024-03-06,business
user_0229,+910204067301,577907141633561,405557397193456,cell_028,individual,2025-03-10,business
user_0230,+916091983671,434165182755390,405442179742182,cell_004,individual,2025-07-04,social
user_0231,+919606635723,373334333395211,405257411607446,cell_045,student,2025-08-11,social
user_0232,+914551483185,790807595794723,405753249055655,cell_018,individual,2024-03-02,business
user_0233,+916566991498,920867808562711,405999213707442,cell_015,individual,2025-09-04,business
user_0234,+914192267937,003691559428436,405440193997362,cell_017,individual,2023-11-25,social
user_0235,+919346338533,527636556472923,405838900544348,cell_021,individual,2024-03-23,social
user_0236,+918295099394,438663227026722,405907538683238,cell_020,individual,2025-06-28,social
user_0237,+918356280537,744890612034712,405673523249704,cell_034,business,2025-02-14,business
user_0238,+912943085456,588450615939983,405322056426915,cell_005,student,2024-04-25,business
user_0239,+916145687606,587716947225690,405831016546093,cell_008,individual,2024-05-22,social
user_0240,+912752163305,125355449647594,405767924026024,cell_009,student,2023-11-18,social
user_0241,+916377753621,202341326111782,405166019830527,cell_014,individual,2024-11-13,business
user_0242,+914278088111,114921643347228,405774333345365,cell_024,business,2025-03-18,business
user_0243,+914649662243,557784872829976,405907890952131,cell_044,business,2023-10-07,social
user_0244,+913909518219,688457831745641,405294919923293,cell_009,individual,2024-02-09,business
user_0245,+910470246881,254780774064930,405104850528820,cell_045,individual,2024-07-19,business
user_0246,+911704291226,866326634163894,405987726888395,cell_013,individual,2024-02-10,business
user_0247,+919149030476,846312241797499,405722239685559,cell_004,individual,2025-06-22,business
user_0248,+919913714179,080214427031208,405735461089428,cell_026,individual,2025-04-02,social
user_0249,+911530099469,757051204618728,405340427176403,cell_026,business,2023-11-29,business
user_0250,+917408857126,601367303718370,405591081464751,cell_021,individual,2025-08-05,business
user_0251,+916019988585,520881474350317,405407313144428,cell_034,individual,2024-07-30,business
user_0252,+912020168293,249163009792517,405416628823548,cell_029,individual,2024-01-06,business
user_0253,+918723621550,950052812735851,405660269428858,cell_026,business,2025-04-02,business
user_0254,+919552886961,652407784873929,405799069248332,cell_003,individual,2024-04-01,social
user_0255,+912013225659,498218274485704,405919137748877,cell_013,individual,2023-10-17,social
user_0256,+917945320176,095935186387821,405881809990800,cell_026,individual,2023-10-21,social
user_0257,+914791690151,511810220317311,405143438223862,cell_024,individual,2024-09-22,social
user_0258,+919139061991,789940539103718,405690177638284,cell_049,business,2024-06-12,business
user_0259,+917042869985,865094801413817,405223831308878,cell_037,business,2024-07-09,social
user_0260,+911300801654,338392886195766,405233655933621,cell_044,individual,2024-06-05,business
user_0261,+915646573685,685289755855666,405514501680291,cell_001,individual,2024-08-27,social
user_0262,+916131860240,368457760049083,405273068646908,cell_048,student,2023-11-14,business
user_0263,+915239540662,433504888992100,405681845745285,cell_036,individual,2024-09-01,business
user_0264,+918803027159,593344196931571,405326663620956,cell_024,individual,2023-11-20,social
user_0265,+913043171715,919409610556618,405395810683201,cell_030,business,2024-09-11,social
user_0266,+919517939025,060480589258326,405165455331607,cell_000,individual,2025-02-26,social
user_0267,+916343216606,799813646225174,405834036816193,cell_022,business,2023-10-19,social
user_0268,+916171015995,416862278376931,405814922253740,cell_019,individual,2023-12-27,social
user_0269,+913603836253,331465911665537,405515796523890,cell_048,individual,2025-06-24,social
user_0270,+917214721242,425979270335216,405241738456245,cell_024,business,2023-11-16,business
user_0271,+912699361175,924051477053835,405362122494741,cell_026,individual,2024-10-31,social
user_0272,+915919958080,879206980420433,405995482834408,cell_034,individual,2024-07-12,business
user_0273,+916960283002,016451046368152,405720727446476,cell_047,business,2024-03-21,social
user_0274,+917582111018,238780038457625,405127223390177,cell_047,individual,2025-04-16,business
user_0275,+914175463039,438404608432565,405945775794312,cell_034,individual,2024-08-03,social
user_0276,+918421453453,893639264957823,405361031731480,cell_038,individual,2024-07-19,social
user_0277,+915428861154,324826292518816,405333097679516,cell_014,individual,2024-11-01,social
user_0278,+910377101900,056647423122099,405887720182383,cell_031,individual,2024-05-10,social
user_0279,+910141522854,393305172897521,405598339084867,cell_014,individual,2025-04-01,business
user_0280,+910844364968,330604633312798,405723136864846,cell_017,individual,2024-06-04,social
user_0281,+912236161840,366096569998801,405767195373099,cell_027,individual,2024-02-29,social
user_0282,+910402524794,038860868034768,405480935472505,cell_031,business,2024-10-30,business
user_0283,+913342544142,264908277181297,405996175519833,cell_001,individual,2023-12-22,business
user_0284,+917287870334,570279371452111,405243267320722,cell_024,business,2023-10-07,social
user_0285,+911101440475,186892686025924,405306304983300,cell_021,business,2024-02-03,business
user_0286,+917720448036,064474212309404,405683737679809,cell_042,individual,2025-02-21,social
user_0287,+919323111227,097339776719906,405413198525697,cell_043,business,2025-03-14,business
user_0288,+917999364155,830220502099458,405216740787139,cell_025,individual,2025-02-22,social
user_0289,+912228619326,224999827950149,405513623283738,cell_046,individual,2025-01-31,business
user_0290,+912733214168,168147214586838,405990552238973,cell_010,individual,2025-05-19,business
user_0291,+911187137718,981794695489954,405260851763965,cell_029,individual,2025-02-03,social
user_0292,+916935314079,772934301071396,405632651266180,cell_008,individual,2025-05-31,business
user_0293,+918997560243,830344144885010,405972512769729,cell_039,individual,2024-11-10,business
user_0294,+910673690392,990235577027274,405788931027752,cell_034,business,2023-10-09,social
user_0295,+912064766588,608495880395518,405298006403679,cell_001,individual,2024-11-08,business
user_0296,+919588085352,682996291450467,405214018774110,cell_025,individual,2025-07-13,business
user_0297,+913235925401,743842150317801,405717513714437,cell_037,student,2023-10-19,business
user_0298,+915478739292,578452182307683,405247707416404,cell_036,individual,2024-08-18,social
user_0299,+918119415850,915701840943536,405340465827127,cell_042,individual,2025-02-17,social
user_0300,+919115797009,714224109881385,405547916158796,cell_001,individual,2024-10-22,business
user_0301,+918361955048,493214958702072,405964160353757,cell_005,individual,2024-05-20,business
user_0302,+918753955744,166299795453818,405694098607131,cell_041,individual,2024-07-07,business
user_0303,+912692042795,717477332945623,405995490929773,cell_027,student,2024-04-26,business
user_0304,+917290159027,577017157724591,405834746512898,cell_008,individual,2024-04-04,business
user_0305,+911554901079,158148769639384,405301565459017,cell_029,student,2025-06-02,business
user_0306,+911637269458,539669583219715,405854136541555,cell_011,individual,2024-10-20,business
user_0307,+913773066719,172461919657015,405371746159744,cell_003,business,2025-07-14,social
user_0308,+914791917960,022784699733544,405829643037702,cell_016,business,2025-02-22,social
user_0309,+913384735453,651909862405809,405101701246172,cell_024,business,2025-05-24,social
user_0310,+914496500001,514036965666686,405379412694405,cell_020,individual,2024-02-22,social
user_0311,+911872324221,386562422010276,405948534296892,cell_013,individual,2024-10-10,social
user_0312,+915882051703,126796927868765,405557630796751,cell_029,individual,2024-06-30,social
user_0313,+912986815023,097384689500971,405578000125763,cell_020,individual,2024-04-30,social
user_0314,+911913952446,128478189137189,405845612121371,cell_021,individual,2023-10-09,business
user_0315,+912390557934,580778795654425,405144513242669,cell_048,individual,2023-10-31,social
user_0316,+913514947811,494079290490470,405209924255830,cell_024,individual,2023-10-30,business
user_0317,+919778983985,442944401929270,405578364062467,cell_017,business,2025-07-23,business
user_0318,+919771751304,372805129276638,405947455789116,cell_048,individual,2024-10-07,social
user_0319,+917586374749,395041027674780,405398582928812,cell_026,individual,2023-10-21,social
user_0320,+911064184113,742860476580186,405914104161879,cell_016,individual,2024-03-13,social
user_0321,+914882109807,945441496739387,405530927064318,cell_005,individual,2025-08-07,social
user_0322,+914824310440,580010618175347,405421463513557,cell_030,individual,2024-12-02,business
user_0323,+911102358996,109391119269215,405997085051794,cell_001,individual,2024-02-29,business
user_0324,+910796276796,174654214066509,405433862795479,cell_047,student,2025-08-28,business
user_0325,+911882779979,717396271286398,405922905946283,cell_034,individual,2025-01-28,social
user_0326,+913896221810,410119470720067,405440581174990,cell_003,individual,2024-08-09,business
user_0327,+918407457560,690877661830673,405259614063589,cell_022,individual,2024-05-14,social
user_0328,+912061174081,554601585174321,405804930292277,cell_014,individual,2025-06-28,business
user_0329,+912050818443,346157173203099,405406044519699,cell_041,individual,2025-01-29,business
user_0330,+918503182491,847870050506130,405933593441138,cell_004,individual,2025-03-25,social
user_0331,+913292096680,829310270790322,405115215832023,cell_049,individual,2024-03-23,business
user_0332,+919888444982,417929111799317,405355688830563,cell_041,individual,2024-02-03,social
user_0333,+915633120844,651982530925117,405458981995206,cell_002,individual,2023-12-12,social
user_0334,+918818134852,582739021962070,405208739775543,cell_048,individual,2024-07-11,business
user_0335,+913313504902,194672324876325,405884365777544,cell_001,individual,2025-04-10,social
user_0336,+916393566590,791456083318195,405563470126114,cell_015,business,2025-01-24,social
user_0337,+910048776508,837340312772205,405164624360690,cell_012,individual,2025-01-19,business
user_0338,+911358936049,645970108220780,405245982694989,cell_001,individual,2024-05-29,business
user_0339,+913356101579,799563531531366,405357302720976,cell_039,individual,2024-05-08,business
user_0340,+913281526766,797062397265275,405342290204139,cell_009,individual,2024-11-11,social
user_0341,+910886717951,352090421776257,405380431235702,cell_015,business,2024-05-03,social
user_0342,+915764412778,929831687397741,405116418771182,cell_008,business,2025-08-05,social
user_0343,+918596559974,335693929060072,405740915814318,cell_030,individual,2025-07-20,social
user_0344,+916426572042,717731806325432,405920054594195,cell_042,student,2025-06-13,business
user_0345,+919282774488,427990772625701,405903206392900,cell_007,individual,2024-01-10,social
user_0346,+910226764514,580464989319509,405752111537402,cell_036,student,2025-06-06,social
user_0347,+912665759327,016579055281831,405272172746064,cell_013,student,2024-10-18,business
user_0348,+919007830024,179335548640155,405540278372963,cell_029,individual,2025-06-24,social
user_0349,+916550872094,178847951371168,405325437940221,cell_044,individual,2024-12-02,social
user_0350,+919997450966,124127238046829,405707390467069,cell_016,individual,2024-09-03,social
user_0351,+918438007688,043103856955792,405959628622594,cell_049,individual,2024-10-23,social
user_0352,+919808068027,774924243754025,405558591260981,cell_023,individual,2024-04-04,social
user_0353,+914011577703,928422223105923,405663280100607,cell_010,individual,2023-12-09,business
user_0354,+915423533051,805525782841068,405733484105396,cell_038,business,2024-11-30,social
user_0355,+913462465142,520885474929752,405985656738221,cell_038,individual,2024-03-08,social
user_0356,+918847880414,028140693751504,405873594677017,cell_047,individual,2024-07-18,social
user_0357,+916715716652,343018718637592,405875331515744,cell_045,individual,2025-03-26,business
user_0358,+915973448458,562656504554784,405218596090772,cell_007,individual,2024-05-26,social
user_0359,+918621791495,674266299123476,405771844360138,cell_049,student,2023-10-12,business
user_0360,+919236425932,961064628792328,405587324401473,cell_010,individual,2024-10-22,social
user_0361,+910464791150,494787300244718,405932764556945,cell_019,individual,2025-03-01,business
user_0362,+916119855417,273014719597966,405431064375267,cell_006,individual,2024-09-16,social
user_0363,+910665766421,158904290257251,405305426953820,cell_037,individual,2025-01-10,business
user_0364,+919431807744,504481832192851,405508605557002,cell_001,business,2025-05-18,social
user_0365,+910721701201,445189520284576,405622167208825,cell_019,individual,2025-06-15,social
user_0366,+913712049429,132833898881675,405192872804554,cell_036,individual,2024-06-01,business
user_0367,+914183653809,075452798524010,405385196946321,cell_043,individual,2025-03-10,social
user_0368,+912365144901,342321611076038,405232358404525,cell_024,individual,2024-04-19,social
user_0369,+910106229566,907140140119394,405359086205395,cell_025,individual,2025-02-23,business
user_0370,+911788958005,124955289389110,405842616251243,cell_045,business,2024-06-29,social
user_0371,+915116341543,342801387592716,405330958918236,cell_012,business,2023-11-21,social
user_0372,+918893888082,638361517182753,405469095640387,cell_004,individual,2025-07-03,business
user_0373,+916759999162,571647947386461,405342621698408,cell_037,business,2024-12-07,social
user_0374,+913961002900,752071678112669,405983338598508,cell_044,individual,2025-03-09,business
user_0375,+919268715386,215353961367490,405851700250163,cell_040,individual,2024-01-22,social
user_0376,+917849093945,657967842711478,405732572835767,cell_015,individual,2025-08-14,social
user_0377,+910711273020,010170269524993,405223830908057,cell_006,business,2025-09-15,social
user_0378,+915641215556,877347784858808,405147595470921,cell_044,student,2023-10-20,social
user_0379,+919152100526,167567700284273,405657121711325,cell_049,individual,2025-01-17,social
user_0380,+918314164076,719788977828066,405438458960112,cell_019,individual,2024-05-01,social
user_0381,+912064616059,954500902559050,405587750909054,cell_043,individual,2024-07-15,business
user_0382,+915138164935,565033349114150,405317629763633,cell_038,individual,2024-06-13,business
user_0383,+912121626195,769864079056967,405518948329872,cell_007,individual,2024-04-07,social
user_0384,+914234325734,135785294563717,405784295968896,cell_036,individual,2024-02-17,business
user_0385,+917264861516,496391919541987,405702477049745,cell_002,individual,2025-03-09,business
user_0386,+917414015909,148468536649878,405956854638020,cell_022,business,2024-03-14,business
user_0387,+913113259632,082973748969086,405359992890659,cell_034,individual,2024-10-16,business
user_0388,+911104570297,246651364424937,405618841396506,cell_027,individual,2024-01-05,business
user_0389,+918755851660,034778660324205,405436027499789,cell_042,business,2023-12-10,business
user_0390,+912549242345,820700159416514,405609253825155,cell_023,student,2024-10-20,social
user_0391,+917926041734,231981898471396,405250817792386,cell_004,business,2024-11-23,business
user_0392,+910311979392,963632123476493,405179706579378,cell_032,individual,2024-03-15,business
user_0393,+911693669620,158673425754090,405140963072761,cell_041,business,2024-05-24,social
user_0394,+912087891462,034864518376065,405422621313002,cell_021,individual,2024-01-29,social
user_0395,+911784548244,343275604177650,405645193873967,cell_000,business,2024-02-25,social
user_0396,+918898507956,248156985700271,405924675634275,cell_026,individual,2024-08-17,social
user_0397,+910291330105,459112382965776,405278939812145,cell_031,individual,2025-02-13,social
user_0398,+919022055755,543165266930084,405925495570441,cell_006,individual,2023-12-06,business
user_0399,+912649921579,173420696942156,405316522719881,cell_027,student,2024-06-15,business
user_0400,+913977231909,867713334476268,405361262731454,cell_023,individual,2025-04-02,social
user_0401,+911269906146,436262044397357,405842466361324,cell_040,individual,2025-06-02,social
user_0402,+910304029448,072563669411806,405168787919847,cell_029,individual,2023-11-28,business
user_0403,+910917939777,599004896465284,405154230592228,cell_045,individual,2025-05-08,business
user_0404,+911680063473,875721586241509,405265771736104,cell_009,individual,2024-12-25,social
user_0405,+915478584174,456449485625724,405815913708602,cell_027,business,2025-06-16,social
user_0406,+914510687574,703203207427616,405732137765115,cell_011,individual,2024-03-19,business
user_0407,+911328164129,877712151342286,405441495867839,cell_046,individual,2024-04-16,social
user_0408,+914646405099,390892613715048,405974115951579,cell_033,student,2023-10-22,business
user_0409,+918382181723,591520177749056,405156696506509,cell_041,individual,2025-05-05,social
user_0410,+918589563351,592304501896165,405423602681941,cell_017,individual,2024-06-12,social
user_0411,+919220931910,610326642147649,405970446000632,cell_039,individual,2024-11-17,business
user_0412,+914087853200,158377674996161,405579240185821,cell_034,individual,2024-03-31,social
user_0413,+918336839294,610857327881476,405659946187621,cell_049,individual,2024-07-28,social
user_0414,+914430068972,422438649081086,405238863502784,cell_030,individual,2024-03-01,social
user_0415,+912805112675,794549180172268,405151315047595,cell_029,individual,2025-08-13,social
user_0416,+916974363171,459779452321949,405961373782279,cell_027,individual,2025-05-04,social
user_0417,+912791461533,061027769749953,405987613258610,cell_046,individual,2025-03-12,social
user_0418,+914001677420,641220310303725,405937392607802,cell_037,individual,2024-08-27,social
user_0419,+912419148629,831472760122777,405703576377471,cell_017,individual,2024-11-28,social
user_0420,+919476248117,334960501667994,405808859888073,cell_020,student,2024-12-21,business
user_0421,+912438093330,678997308069584,405182685037438,cell_015,individual,2023-10-17,social
user_0422,+919722463989,717957602437570,405399129553164,cell_005,individual,2024-01-26,social
user_0423,+912744348696,597246657293413,405958366236339,cell_017,individual,2023-11-19,business
user_0424,+912673892759,297167433800541,405553116070078,cell_028,individual,2024-02-15,business
user_0425,+917419531870,801561931837454,405557649564533,cell_015,business,2024-04-15,social
user_0426,+912574130986,842891077119913,405816345346771,cell_048,individual,2025-02-01,business
user_0427,+918711826127,135247871255218,405357710905204,cell_029,individual,2025-05-14,social
user_0428,+916533173956,037548214565327,405774386821387,cell_036,individual,2024-03-30,business
user_0429,+910459714178,666785072081153,405503775576103,cell_039,individual,2024-03-13,social
user_0430,+912420790449,606029084668455,405541895101490,cell_042,individual,2024-12-24,business
user_0431,+913829007930,892673899756347,405201135432638,cell_024,individual,2023-11-18,business
user_0432,+915420774629,288431884852006,405792176154725,cell_021,individual,2024-07-03,business
user_0433,+911989361242,468105485101745,405839870296401,cell_001,business,2024-10-07,social
user_0434,+914525760638,399893544926834,405232802503253,cell_031,individual,2024-06-17,social
user_0435,+911737660817,571266110627376,405198210114993,cell_020,individual,2024-07-25,social
user_0436,+913263089072,988649767762283,405260363371849,cell_011,individual,2023-12-28,social
user_0437,+919648027606,881377028519619,405257627658118,cell_031,individual,2025-08-31,business
user_0438,+916814371779,821545447022963,405163538061605,cell_013,student,2023-11-23,business
user_0439,+914136359216,432701851067940,405829253003332,cell_022,individual,2025-07-11,business
user_0440,+919100271027,679228777251998,405629315939456,cell_016,individual,2024-03-30,social
user_0441,+917968517497,580741209481812,405340453353569,cell_021,student,2024-09-20,social
user_0442,+911054013933,098378018204335,405845696692782,cell_017,individual,2025-06-21,social
user_0443,+918833920667,956907056260852,405584163195703,cell_038,individual,2025-05-19,business
user_0444,+919119699525,182422412462095,405516361523153,cell_044,individual,2024-10-22,social
user_0445,+919093125763,461526546103392,405852416310841,cell_017,individual,2024-10-07,social
user_0446,+911036246350,861405786170638,405121743330161,cell_035,individual,2025-02-10,social
user_0447,+912639051149,138249671832582,405316774716827,cell_000,business,2024-03-13,social
user_0448,+913468911889,687007942007496,405429360895500,cell_033,business,2024-12-08,business
user_0449,+915694338360,539840289141616,405277557207024,cell_012,business,2023-12-31,social
user_0450,+912721462707,639855474355376,405865917574126,cell_005,individual,2025-08-22,social
user_0451,+918181404927,209700268768112,405788388897354,cell_015,individual,2023-12-12,social
user_0452,+916854665873,715695620175374,405119623088946,cell_046,individual,2025-05-24,business
user_0453,+911913853980,453194337504790,405361933915644,cell_026,individual,2023-11-30,social
user_0454,+911435484801,614987283999215,405859142154512,cell_031,individual,2023-10-31,business
user_0455,+919739240557,493843089487067,405928389169381,cell_035,individual,2024-07-17,social
user_0456,+910048907104,566418775803048,405632609598018,cell_048,individual,2025-02-05,business
user_0457,+914389405862,635190361332543,405184149698896,cell_015,individual,2025-05-22,business
user_0458,+913755372327,760954317350580,405408043620101,cell_044,student,2024-06-18,social
user_0459,+910006694153,971791100651201,405665910368771,cell_030,individual,2025-07-03,social
user_0460,+917931654915,611080466196399,405941123539061,cell_041,individual,2024-04-14,social
user_0461,+917552510970,769915078593110,405119978314893,cell_045,individual,2024-11-24,business
user_0462,+919553794748,392845679723203,405176744328464,cell_031,individual,2024-02-25,social
user_0463,+914002962778,854982274954508,405768931087524,cell_028,individual,2024-02-15,social
user_0464,+917772057622,038806533315373,405985724121717,cell_001,individual,2024-06-10,social
user_0465,+914694932093,599594652170737,405104379466448,cell_005,individual,2024-08-13,social
user_0466,+912402006001,793375636205010,405557019782671,cell_018,individual,2024-04-05,business
user_0467,+912313263925,473950033423429,405537137366445,cell_014,business,2024-09-22,business
user_0468,+915675789468,302410261534739,405575214516951,cell_025,business,2024-08-11,social
user_0469,+918304138246,896112233865597,405646153139142,cell_044,student,2025-02-12,business
user_0470,+915033692666,099384253042897,405728836631709,cell_015,individual,2024-01-03,business
user_0471,+918743945934,791286857872551,405775640239546,cell_019,individual,2024-07-17,social
user_0472,+919536566641,774969033373633,405497784788877,cell_042,individual,2024-09-15,business
user_0473,+915465536074,254812147853909,405696904542451,cell_037,individual,2024-01-28,business
user_0474,+917653502767,776657546027342,405924877197993,cell_023,individual,2025-01-31,social
user_0475,+913397390175,488814311150832,405525968339261,cell_030,individual,2024-03-05,business
user_0476,+913203825242,443928404456692,405935652861407,cell_035,individual,2024-10-26,social
user_0477,+917930914471,263337389877513,405502619965360,cell_033,business,2024-06-04,social
user_0478,+910545408421,637780529240753,405538799090873,cell_022,individual,2024-02-15,social
user_0479,+910864744888,684590902259994,405839030919114,cell_027,business,2024-07-25,social
user_0480,+919820256886,361863715974123,405232443202142,cell_047,individual,2023-12-22,business
user_0481,+917394509793,970231643348174,405170517397584,cell_035,individual,2024-12-20,business
user_0482,+918159937544,566212867163232,405494704365663,cell_021,individual,2024-11-30,social
user_0483,+911228619222,729949387430278,405181113163499,cell_022,business,2025-04-24,social
user_0484,+916265238618,385977790147549,405602711505507,cell_044,individual,2025-09-20,social
user_0485,+919601038708,263296762916032,405303602114206,cell_029,individual,2024-09-09,social
user_0486,+916535784915,413768151185675,405314491594306,cell_017,individual,2024-09-02,social
user_0487,+910172472749,701765636004121,405514894916053,cell_019,individual,2025-04-09,social
user_0488,+912070170021,711837274220916,405324763777253,cell_016,individual,2024-04-26,social
user_0489,+918093424419,621042752308375,405991358649761,cell_014,individual,2024-04-08,social
user_0490,+918448484332,816470900633532,405358603928654,cell_007,individual,2023-12-19,social
user_0491,+916954606279,053131220681555,405814515629838,cell_046,individual,2025-01-16,social
user_0492,+916694325034,866133155206507,405593556501798,cell_012,individual,2025-01-17,business
user_0493,+915888594128,495013649718923,405423537895184,cell_020,student,2024-03-22,social
user_0494,+916619619401,625257150997681,405918648682252,cell_007,business,2025-09-22,social
user_0495,+911765922418,030914363910254,405732052873214,cell_047,individual,2025-08-11,business
user_0496,+919981422167,303975245086409,405399893458678,cell_034,business,2024-09-23,business
user_0497,+918076707984,338033968527016,405721018338230,cell_048,individual,2025-02-08,business
user_0498,+913471257607,232129833816744,405317123452845,cell_044,business,2025-02-21,business
user_0499,+918527456235,293449734715661,405316634870366,cell_011,individual,2024-02-07,social
user_0500,+915641351205,962706614982829,405423460836644,cell_012,individual,2023-11-08,business
user_0501,+913354391304,468971527323006,405746388852083,cell_013,business,2024-07-05,business
user_0502,+912559807657,666567491601695,405305368643612,cell_047,individual,2024-05-23,social
user_0503,+910028091226,458750663370508,405997912775703,cell_030,individual,2025-01-02,business
user_0504,+910767370279,972439920116699,405201054860233,cell_017,individual,2024-05-03,business
user_0505,+913221227308,626448869461191,405545561534660,cell_046,business,2024-07-14,business
user_0506,+918778837645,364027011686463,405319720460210,cell_037,individual,2025-05-03,business
user_0507,+916431113783,237281793230233,405437379892949,cell_048,student,2025-07-07,social
user_0508,+910381848403,791214161415096,405409906206882,cell_033,individual,2025-07-28,social
user_0509,+917808597205,100409013806987,405442009037898,cell_038,student,2025-01-22,social
user_0510,+918354463412,596555535669058,405524476341184,cell_018,business,2024-04-12,business
user_0511,+912095496744,620918435797868,405941203533488,cell_006,individual,2024-07-22,social
user_0512,+913106328531,505057397691567,405707631045740,cell_012,student,2025-02-07,social
user_0513,+919998212622,164932898027147,405962286252287,cell_018,student,2025-05-12,social
user_0514,+916514811820,727178333211601,405304745971423,cell_014,student,2023-10-27,business
user_0515,+910768452406,643471287153997,405183868813123,cell_023,individual,2025-05-19,business
user_0516,+914172666283,686334141115935,405241510289224,cell_011,individual,2025-01-08,business
user_0517,+912349261496,569040983665526,405760774345711,cell_019,individual,2025-06-09,social
user_0518,+915219613935,160875243772943,405285175915911,cell_000,business,2024-04-27,social
user_0519,+917147871721,095481497374601,405520120718211,cell_045,individual,2024-06-18,social
user_0520,+919370843627,302764208656752,405600480627928,cell_034,individual,2024-02-01,social
user_0521,+914123812413,443861259047294,405274094270855,cell_008,individual,2025-09-18,social
user_0522,+912677891003,233305912662013,405551766063554,cell_017,student,2025-02-21,business
user_0523,+919177822680,018596263013671,405482424587528,cell_002,individual,2023-12-30,social
user_0524,+918538415350,617647501111780,405381744923926,cell_003,individual,2024-02-16,social
user_0525,+914833594596,974192676492159,405188019331874,cell_035,business,2025-03-27,social
user_0526,+912853566969,826068887189812,405365018008300,cell_018,student,2024-11-03,social
user_0527,+917996895998,292087510293218,405816920800493,cell_044,individual,2024-09-09,social
user_0528,+917057580665,118458260340845,405940911957792,cell_008,individual,2024-12-02,business
user_0529,+911428788738,758598831030325,405486914039713,cell_040,business,2025-07-06,business
user_0530,+915021267027,298395429618446,405581745663264,cell_048,individual,2025-06-16,business
user_0531,+911569843234,714628314359894,405308821172438,cell_031,individual,2025-08-08,business
user_0532,+916180067556,660931418186158,405918746465561,cell_006,individual,2025-09-16,social
user_0533,+911401454179,423401636112844,405852487228975,cell_000,business,2024-06-16,social
user_0534,+915370269801,859484910256256,405968933952388,cell_036,student,2025-02-25,social
user_0535,+914621731216,967924082226946,405166580642781,cell_018,student,2025-03-10,social
user_0536,+915249158776,539672757844688,405397645285976,cell_030,individual,2025-04-08,social
user_0537,+911326774940,465111312901484,405734708965057,cell_030,business,2024-12-26,business
user_0538,+919237963766,682778816093066,405992076358545,cell_028,individual,2023-12-30,business
user_0539,+919022603113,890972832152858,405161623491341,cell_021,individual,2024-01-24,business
user_0540,+916059264284,515381447443095,405604606544964,cell_011,individual,2025-08-10,business
user_0541,+915371701892,807970509754510,405104846632939,cell_003,individual,2024-09-28,social
user_0542,+913239891915,650167318826170,405107109818999,cell_016,individual,2024-05-10,social
user_0543,+911115951464,376545628417724,405272035711453,cell_030,individual,2024-11-12,social
user_0544,+918916234092,531340266502370,405957584213981,cell_007,student,2023-10-24,business
user_0545,+916504293285,787256862110227,405544227157246,cell_004,individual,2025-09-24,social
user_0546,+912755298194,305690674471634,405898196253631,cell_025,individual,2025-01-02,social
user_0547,+915335390656,341436371892393,405906313881374,cell_031,individual,2025-01-17,business
user_0548,+919851348630,260432609310662,405773020657856,cell_004,individual,2024-07-21,social
user_0549,+916120434519,335670860414541,405547160612837,cell_036,business,2025-06-29,business
user_0550,+912848703258,020005347491629,405426706024564,cell_040,student,2024-05-15,business
user_0551,+913930307371,411082555989534,405931152730976,cell_043,individual,2025-04-11,social
user_0552,+916926327450,112910933711898,405533446175817,cell_003,individual,2024-11-11,social
user_0553,+917596948437,382023684855716,405658356512904,cell_009,individual,2024-12-30,social
user_0554,+912278454310,802942409036788,405759849359133,cell_009,student,2025-06-10,business
user_0555,+918432586786,868669432029399,405995162950862,cell_036,individual,2025-02-09,social
user_0556,+919133607492,878844344812303,405787415318111,cell_019,individual,2025-04-02,business
user_0557,+910463938198,242403381059559,405202136869057,cell_005,student,2025-06-17,social
user_0558,+916151260684,426945005342403,405786348035861,cell_015,individual,2025-03-27,social
user_0559,+911507579748,916498373543966,405290571323666,cell_007,individual,2024-12-12,social
user_0560,+913682861446,652717272239723,405923743830602,cell_035,individual,2025-04-27,business
user_0561,+916962399997,269312163761820,405111999230496,cell_048,individual,2024-12-26,business
user_0562,+916879134797,010023142900183,405536965134399,cell_026,business,2023-12-08,business
user_0563,+910486540804,279724572308486,405259779009817,cell_038,individual,2023-12-25,business
user_0564,+917169440719,841862030366250,405938124869749,cell_038,individual,2025-06-08,social
user_0565,+916594033653,617213145195155,405204023352088,cell_039,business,2024-11-04,social
user_0566,+916582730899,268592624945146,405731046960264,cell_014,individual,2025-01-28,social
user_0567,+915258284649,102252677119645,405281696041507,cell_049,individual,2024-04-01,social
user_0568,+916407927805,265576769523662,405804001244192,cell_033,individual,2024-03-09,social
user_0569,+917915160432,883619689313503,405365136051847,cell_024,student,2023-10-29,business
user_0570,+914697899942,872105524728630,405365728330823,cell_028,business,2024-01-21,business
user_0571,+910903602960,212606501917927,405134929532388,cell_028,individual,2024-12-16,business
user_0572,+912689811270,310962272847653,405667060123234,cell_019,business,2025-04-18,social
user_0573,+915855207990,412009282066780,405433904345075,cell_037,student,2024-06-19,social
user_0574,+916132302775,362418623690362,405338457417379,cell_027,business,2025-09-26,social
user_0575,+914400979656,917756620563416,405234451645616,cell_019,individual,2025-03-25,social
user_0576,+911152490508,503428113904381,405352037175853,cell_036,individual,2025-08-09,business
user_0577,+917463928556,419909700514053,405469407492097,cell_039,student,2024-07-05,social
user_0578,+917080745877,565215681820963,405719789164825,cell_003,individual,2025-05-06,social
user_0579,+913375232853,422711332288989,405536621498194,cell_039,individual,2025-02-07,business
user_0580,+916663130717,459606339912979,405226915083494,cell_047,business,2024-07-28,business
user_0581,+917669544997,481717524214953,405558785067431,cell_006,individual,2025-01-30,business
user_0582,+914271897411,747472197054665,405898170971719,cell_048,student,2024-07-17,business
user_0583,+912160401599,589551687409033,405996979506338,cell_013,business,2023-12-16,business
user_0584,+919063054825,146296136715770,405921583167360,cell_040,individual,2024-04-22,social
user_0585,+919815231063,112166365155977,405379112138690,cell_013,business,2024-10-18,social
user_0586,+913230404097,470827235909607,405567754224145,cell_016,business,2024-09-07,social
user_0587,+919128762728,303064421214617,405486844069011,cell_042,business,2025-08-08,social
user_0588,+911497897210,683420165423568,405717336716969,cell_005,individual,2025-06-16,social
user_0589,+915747660146,265960893199257,405953686188266,cell_010,student,2023-11-14,social
user_0590,+919769688956,502727516480724,405915411504532,cell_015,individual,2024-02-05,social
user_0591,+915614557259,103368296353390,405113964830572,cell_011,individual,2025-05-24,business
user_0592,+912971015055,448177665586858,405245322557894,cell_035,student,2024-08-14,social
user_0593,+912462608029,528928664649116,405234840688629,cell_004,individual,2024-12-15,business
user_0594,+914257771828,617981789046339,405685845183175,cell_010,individual,2024-06-25,business
user_0595,+914018470500,715766053844444,405630782165142,cell_000,individual,2023-10-31,business
user_0596,+913535467046,600025895529637,405815868963604,cell_026,student,2025-03-19,business
user_0597,+913501154455,609626265826316,405265417193661,cell_028,individual,2025-07-02,social
user_0598,+915741295464,648253110609208,405891127648827,cell_044,business,2025-08-15,social
user_0599,+911948583041,196027523343832,405580651705582,cell_038,business,2025-08-27,social
user_0600,+919467087877,412091179112442,405338845498733,cell_030,individual,2025-02-07,social
user_0601,+916547998803,536170617136657,405915362004611,cell_018,student,2024-06-26,social
user_0602,+919117433833,240299015579984,405106889959216,cell_002,individual,2025-04-29,social
user_0603,+910155422021,139080882351309,405517514592168,cell_014,individual,2025-09-12,business
user_0604,+919985660362,244731584776862,405340197094054,cell_018,individual,2024-11-21,business
user_0605,+919562463115,461994237676940,405500843778578,cell_045,individual,2024-05-02,social
user_0606,+911804370030,639551720849649,405873491274178,cell_018,business,2025-08-04,social
user_0607,+912647675231,856012562531357,405578421996135,cell_044,individual,2025-05-08,business
user_0608,+911024776969,050537953816494,405378464946389,cell_029,individual,2024-01-24,business
user_0609,+916761177461,491966553307706,405452094726160,cell_004,individual,2024-04-21,business
user_0610,+916591108243,295963904090746,405263032247028,cell_043,business,2023-10-18,social
user_0611,+910192243578,880501716445566,405207261091258,cell_014,individual,2025-02-05,business
user_0612,+918136602988,906477159103002,405279563144357,cell_016,individual,2024-04-20,business
user_0613,+913259307559,632135800401042,405193959201519,cell_040,individual,2024-09-16,social
user_0614,+915314302482,642297125296713,405768961882664,cell_037,individual,2024-06-03,social
user_0615,+917475350072,745731441583310,405198732585175,cell_042,student,2024-09-10,business
user_0616,+914355120649,037637153988541,405681384873637,cell_012,individual,2024-01-24,social
user_0617,+917874761214,123567983631465,405312537356878,cell_027,individual,2024-10-22,social
user_0618,+913238261929,912711307240782,405675643013230,cell_007,individual,2024-11-03,business
user_0619,+914119481274,815632686850745,405570067860297,cell_034,individual,2025-08-13,social
user_0620,+919188660872,634362948978612,405972593087405,cell_014,individual,2024-10-17,business
user_0621,+918535809464,131009431814392,405995613656690,cell_041,business,2024-12-08,business
user_0622,+916006733561,134732354940122,405743976434225,cell_009,student,2024-10-06,social
user_0623,+913455159775,432512257207655,405126437284349,cell_017,individual,2024-04-14,business
user_0624,+912646030335,120957907371006,405827124904741,cell_009,individual,2024-04-19,business
user_0625,+915687660406,388221145775847,405949883987747,cell_004,individual,2024-07-09,business
user_0626,+912944789387,054589714802636,405949147153545,cell_003,student,2024-10-12,business
user_0627,+914219386730,039653136148780,405321924430087,cell_010,individual,2024-08-22,social
user_0628,+913304228671,569644309859165,405688184731006,cell_019,individual,2024-02-05,social
user_0629,+915859599676,541072728498243,405729619186182,cell_038,individual,2025-02-07,social
user_0630,+912627221056,070349107406505,405162922249608,cell_047,individual,2024-03-07,business
user_0631,+918410962231,488214236914308,405702516486051,cell_036,student,2024-03-24,business
user_0632,+911502125023,666144942965920,405973616097450,cell_018,business,2025-01-21,business
user_0633,+911639881529,683441497826616,405276088332899,cell_028,individual,2023-12-26,social
user_0634,+918416691744,857567667080613,405271859646276,cell_007,individual,2025-05-20,business
user_0635,+919532174617,398529894062608,405690500720669,cell_029,business,2024-06-10,social
user_0636,+914763486023,701041591497501,405252785721845,cell_044,business,2025-01-01,social
user_0637,+918696618240,038287232440797,405987058337856,cell_019,individual,2025-05-18,business
user_0638,+911145632745,291813317087603,405252077188940,cell_044,individual,2023-10-12,social
user_0639,+914391546038,238497916202232,405311262914014,cell_025,individual,2024-05-13,social
user_0640,+914653479113,377441975466170,405636760849913,cell_017,business,2024-10-04,business
user_0641,+911587659657,471960940970521,405694206254561,cell_032,business,2025-08-02,social
user_0642,+911489938819,025883586812256,405932960998053,cell_034,business,2024-06-15,business
user_0643,+914474609249,244617679298840,405264046374427,cell_031,individual,2023-10-31,social
user_0644,+910162621412,959961002311772,405516347703922,cell_028,business,2025-08-01,social
user_0645,+912350306582,312661094101750,405878837956847,cell_005,individual,2024-10-22,business
user_0646,+913018020435,251762983347747,405385018470735,cell_038,individual,2024-12-27,business
user_0647,+917680150954,831901302056984,405194740873029,cell_002,individual,2024-06-29,social
user_0648,+916024414941,873397855982171,405649857670555,cell_027,individual,2024-01-28,social
user_0649,+918321788714,912841173098506,405380869660101,cell_047,business,2024-08-10,business
user_0650,+912595984387,465124189389847,405617946110333,cell_020,individual,2025-01-27,social
user_0651,+919080953865,197400564350234,405802973578076,cell_038,business,2024-03-15,business
user_0652,+917086164011,037199051699182,405710191989260,cell_016,student,2024-08-08,business
user_0653,+910862365971,010783567430000,405350453237275,cell_001,individual,2025-07-05,social
user_0654,+916031472136,087066266821716,405884684511680,cell_005,student,2025-06-11,business
user_0655,+911052468985,356033190368903,405115807286637,cell_014,business,2024-01-20,business
user_0656,+913448554352,010272405593424,405873672150972,cell_043,individual,2024-04-25,social
user_0657,+910041060823,114837537458435,405775938016620,cell_036,business,2025-08-30,business
user_0658,+913709919094,881056974132833,405495269856931,cell_037,business,2025-01-03,business
user_0659,+913663276377,520377107044968,405484548296613,cell_001,business,2023-12-03,business
user_0660,+918089042643,496706670336262,405787540136464,cell_048,individual,2024-11-19,business
user_0661,+916186532351,850954930596609,405231458246811,cell_043,individual,2023-10-30,social
user_0662,+914685994599,487699842673202,405451259850502,cell_017,business,2024-09-19,social
user_0663,+916168419400,138459609454496,405118805072065,cell_036,individual,2025-01-11,social
user_0664,+918734471352,542770707057831,405628243269364,cell_002,individual,2024-08-11,social
user_0665,+915832366732,498517244472327,405281803020580,cell_048,business,2024-06-14,social
user_0666,+918191429580,310287950830447,405124127632196,cell_048,individual,2024-07-19,social
user_0667,+911103568199,580935118718139,405361197734761,cell_011,individual,2023-12-31,business
user_0668,+911095996914,616420595565742,405891857155353,cell_030,individual,2025-01-25,business
user_0669,+910555856565,429019358895368,405845652948744,cell_033,individual,2024-05-30,social
user_0670,+917012751552,611398986818097,405706321275677,cell_041,individual,2024-09-26,social
user_0671,+918509875051,543943535375136,405660502946271,cell_028,business,2024-09-21,social
user_0672,+916898082689,515881579376395,405267771877089,cell_017,student,2023-11-06,business
user_0673,+915214860639,692944551166826,405834938086988,cell_011,individual,2024-03-25,social
user_0674,+910024218874,327021648712061,405133393270342,cell_037,individual,2024-11-16,social
user_0675,+916797862722,288665268341552,405850204014968,cell_027,individual,2025-05-05,business
user_0676,+916279914738,015767647229816,405297985585118,cell_040,business,2025-04-10,social
user_0677,+918621464806,576572894134752,405165200320016,cell_031,individual,2024-11-15,social
user_0678,+911296158292,986456522036849,405832428846001,cell_005,business,2024-02-22,business
user_0679,+914404705448,542144773244916,405396638398093,cell_030,individual,2024-05-15,business
user_0680,+914468326410,388209088307058,405368841677287,cell_022,individual,2023-11-06,social
user_0681,+910354851248,678274117674125,405451672061377,cell_026,business,2024-07-26,business
user_0682,+916171736630,513152854781502,405658438674309,cell_021,individual,2024-01-25,social
user_0683,+911526696477,853800329633477,405294793120347,cell_020,individual,2024-09-09,business
user_0684,+917745021836,742318306178939,405322330967601,cell_042,individual,2025-05-06,social
user_0685,+910299785432,969357824347769,405861381921265,cell_006,individual,2023-10-23,social
user_0686,+910025511005,131467536127518,405543260710904,cell_010,individual,2025-06-21,social
user_0687,+917375965702,779630448360850,405439981135427,cell_021,individual,2024-11-08,social
user_0688,+910014603174,766404735047638,405834481182223,cell_026,business,2023-11-23,social
user_0689,+912898920464,199529800615583,405188433325540,cell_044,individual,2025-01-01,social
user_0690,+916289609488,583286342556380,405418313327343,cell_031,student,2024-12-30,business
user_0691,+911420779249,081867024403309,405446465142483,cell_018,business,2024-10-25,social
user_0692,+910118373766,662411186008928,405228212856267,cell_042,business,2025-01-28,social
user_0693,+916687237308,394568044731498,405706925131435,cell_025,individual,2025-06-23,social
user_0694,+913684054362,368474883607656,405795719811874,cell_048,business,2023-10-25,social
user_0695,+911470519264,906375791452119,405818289601389,cell_035,individual,2024-03-31,social
user_0696,+913718500539,793126978930742,405628401861197,cell_002,individual,2024-10-05,business
user_0697,+910001888109,205996043878750,405938228483120,cell_029,individual,2023-12-24,social
user_0698,+919198116231,788116162028123,405359343323677,cell_005,individual,2024-12-26,social
user_0699,+912732175090,067287286604160,405476371098676,cell_020,business,2025-02-17,social
user_0700,+917322669018,485959224839588,405879460800166,cell_016,individual,2023-11-20,social
user_0701,+916758484894,522870562271047,405990525667219,cell_020,individual,2024-11-16,social
user_0702,+915814869595,875109792158356,405906056658058,cell_007,individual,2024-09-24,business
user_0703,+919111264203,469459648831923,405235617625239,cell_049,business,2025-06-29,business
user_0704,+912863935506,491289659994978,405361117794216,cell_025,individual,2025-09-24,social
user_0705,+914406045260,319222705102873,405643715789429,cell_032,individual,2025-01-21,business
user_0706,+919608322964,813866675485814,405875742896777,cell_000,business,2025-01-22,social
user_0707,+914513652757,426877418652057,405698733017750,cell_042,business,2023-11-14,business
user_0708,+919813898961,639836520375839,405105854348857,cell_034,individual,2024-06-05,business
user_0709,+912324893241,548094047604408,405838759568191,cell_029,business,2024-07-30,social
user_0710,+914281962016,797727810509225,405262660737277,cell_026,individual,2025-06-02,social
user_0711,+910672673070,107051843905527,405852453980565,cell_003,business,2024-06-19,business
user_0712,+918150434563,066013824127043,405873627251110,cell_012,individual,2025-01-16,social
user_0713,+916185733567,204485157919714,405240287120854,cell_033,student,2024-01-14,business
user_0714,+915049354565,125902035713437,405264693471723,cell_023,individual,2025-08-25,business
user_0715,+916184897373,424295633432440,405997870761477,cell_039,individual,2024-07-20,business
user_0716,+914181171388,595587209628937,405998638004681,cell_048,individual,2023-11-07,social
user_0717,+910888471618,435884183437408,405240644021166,cell_031,individual,2023-12-08,social
user_0718,+912180617207,727955969051506,405303596024631,cell_040,individual,2025-07-27,business
user_0719,+913487182946,125427820797990,405985397413312,cell_028,individual,2025-02-20,business
user_0720,+911433062934,345957640381665,405446902443319,cell_048,student,2024-04-25,social
user_0721,+911286372274,028249839225011,405499027481956,cell_003,business,2025-06-03,business
user_0722,+919295894769,576270232441231,405365765988219,cell_013,individual,2025-01-24,social
user_0723,+911719213123,285072517863768,405697317890043,cell_017,business,2024-06-17,social
user_0724,+911127276956,162526546968158,405725936312611,cell_035,individual,2025-09-23,social
user_0725,+914227678920,039235558099610,405929070913858,cell_008,individual,2023-11-05,social
user_0726,+916005010210,034615626244674,405141928541244,cell_018,individual,2025-03-16,social
user_0727,+916577130711,226817151602524,405839862902156,cell_028,individual,2025-03-04,social
user_0728,+914361125115,076604641978571,405527379840747,cell_044,business,2024-02-28,social
user_0729,+910526018077,126861205943890,405688160413844,cell_031,individual,2025-05-10,social
user_0730,+916228529908,017750954654085,405445732871870,cell_007,individual,2025-03-08,business
user_0731,+910199871954,075409150863213,405788111474682,cell_001,individual,2025-08-01,social
user_0732,+918819315672,764579389701555,405147850962135,cell_040,individual,2025-03-13,social
user_0733,+912224138400,168154660241615,405349568779740,cell_038,individual,2025-01-31,social
user_0734,+911240757190,988305973642484,405953005565109,cell_015,individual,2024-01-15,business
user_0735,+917431482136,244063062447955,405227967713650,cell_045,individual,2025-08-20,business
user_0736,+915937214334,531949796958673,405816681956844,cell_010,individual,2025-02-10,business
user_0737,+915502213978,572773826460914,405903543106813,cell_019,individual,2025-05-03,social
user_0738,+917473671805,138544577029924,405893896597823,cell_035,individual,2024-09-20,social
user_0739,+913392868160,048736826911630,405378080345801,cell_000,student,2024-09-06,social
user_0740,+915615582907,226865369455157,405742883263794,cell_035,individual,2024-03-10,business
user_0741,+912268553757,677472264085727,405978934361968,cell_026,student,2025-05-14,business
user_0742,+918194925916,666309329981994,405622556762710,cell_005,student,2025-01-09,business
user_0743,+915687349660,329715096883278,405576689486197,cell_014,business,2025-07-30,business
user_0744,+917479197932,735241039773977,405402856740702,cell_007,business,2025-01-19,social
user_0745,+914416563892,819523710068763,405195039317428,cell_029,business,2025-06-08,social
user_0746,+915748504962,819807704605683,405906129773424,cell_007,individual,2025-07-13,social
user_0747,+912915444343,112491256523737,405438372682661,cell_041,individual,2024-11-29,social
user_0748,+910487021524,177345475749493,405149574509331,cell_009,business,2023-11-21,business
user_0749,+916914123985,403595442947748,405292672116356,cell_031,business,2024-02-15,social
user_0750,+916650272307,294643039429049,405561983778027,cell_045,business,2024-12-15,social
user_0751,+918627833212,867925298585677,405925545523761,cell_018,individual,2025-01-21,social
user_0752,+918619000144,276015343324912,405935340223180,cell_032,individual,2024-05-27,social
user_0753,+914272330263,908335061581483,405787441261504,cell_045,business,2024-02-17,social
user_0754,+916046508352,107983342337200,405873818279798,cell_017,individual,2025-07-22,business
user_0755,+914921558369,312840333997717,405786497865045,cell_026,business,2025-07-16,business
user_0756,+910255837557,137171731893977,405486137767285,cell_030,individual,2023-12-11,social
user_0757,+918994463151,173997046947250,405744728230772,cell_030,individual,2024-07-24,business
user_0758,+913385960824,448354884712704,405508908252820,cell_015,business,2025-08-25,social
user_0759,+916702892550,722164175823131,405374815464434,cell_029,individual,2024-09-17,business
user_0760,+914457228876,871493925236226,405881776411640,cell_035,individual,2025-09-16,business
user_0761,+913772556515,879643474524558,405509442966155,cell_009,individual,2024-02-18,social
user_0762,+916182850611,660606527403344,405476187670096,cell_024,business,2024-06-22,business
user_0763,+916699112503,665883398741139,405308906257572,cell_012,individual,2024-05-01,social
user_0764,+915039697696,970673499601052,405458082789181,cell_038,individual,2025-06-07,social
user_0765,+914711271757,417215622949388,405219896053652,cell_032,individual,2025-04-11,business
user_0766,+914429123177,848840215573258,405691400124848,cell_047,individual,2025-03-07,business
user_0767,+915213936063,344902166670802,405751643012897,cell_008,individual,2025-05-29,social
user_0768,+917106226878,085874951191819,405787790683541,cell_004,individual,2023-12-28,social
user_0769,+910010570860,197931647725126,405927387562425,cell_017,individual,2024-09-23,social
user_0770,+915625423179,606940960035626,405437995724265,cell_049,business,2024-02-25,social
user_0771,+919927617863,587395923234215,405136157986962,cell_026,individual,2024-03-30,social
user_0772,+918182704093,028515533342649,405397650987888,cell_021,student,2024-05-22,business
user_0773,+910351028979,502716073607763,405350801436023,cell_032,individual,2025-06-28,business
user_0774,+919320265002,112898123179557,405638949774638,cell_017,individual,2025-07-18,social
user_0775,+919781106260,857481700666154,405569361116344,cell_000,student,2024-12-24,social
user_0776,+910698412852,643167045023291,405115150442853,cell_018,individual,2025-01-09,business
user_0777,+918511638022,700934596262284,405295243264773,cell_046,business,2024-08-22,social
user_0778,+915058489700,251207346549504,405132982268179,cell_019,individual,2023-12-24,social
user_0779,+916620110640,026086982210533,405217249196787,cell_037,individual,2023-10-30,business
user_0780,+918694332139,776872904774258,405943558505470,cell_037,individual,2024-08-19,social
user_0781,+912337260100,177932382231164,405469391846454,cell_042,business,2025-02-12,business
user_0782,+917336867300,342457988942564,405572983562770,cell_031,individual,2023-10-31,social
user_0783,+911373944432,060320203265098,405714944513381,cell_009,individual,2025-05-05,business
user_0784,+918449673609,967379487148559,405337568128528,cell_028,individual,2023-12-24,social
user_0785,+919542484882,787158415608213,405396710052855,cell_034,student,2024-01-12,social
user_0786,+917937947147,184254768182686,405341941448832,cell_030,individual,2025-09-07,social
user_0787,+914173611038,035892988085831,405980345352712,cell_022,student,2025-08-13,social
user_0788,+919654570001,521293289634068,405470516069255,cell_021,individual,2024-07-18,social
user_0789,+913968099917,677524014843996,405184716444129,cell_035,individual,2024-08-06,social
user_0790,+918497128378,272362669335130,405453025141404,cell_048,individual,2025-09-20,social
user_0791,+912968839352,923724501848190,405707154016808,cell_034,individual,2025-09-15,social
user_0792,+918877961878,189721540641768,405848239876412,cell_024,individual,2025-01-29,social
user_0793,+917897089518,743811995376608,405911037144801,cell_029,individual,2025-05-24,social
user_0794,+914761050435,448564510173972,405389144996367,cell_020,individual,2025-03-03,social
user_0795,+910965909426,178996986091910,405839848346086,cell_012,individual,2024-07-20,social
user_0796,+919985317993,359966057798062,405901268796575,cell_044,business,2025-06-10,social
user_0797,+918770797020,039205146074557,405554004582347,cell_015,student,2025-01-23,business
user_0798,+917676974651,705742388565272,405213997921314,cell_036,individual,2023-12-23,social
user_0799,+914625274181,354116597263474,405541988041994,cell_024,individual,2025-06-21,social
user_0800,+914403373906,522501394884880,405327106997366,cell_014,individual,2024-09-14,social
user_0801,+917351942509,311964258562615,405471518209587,cell_049,individual,2025-05-15,social
user_0802,+917021230222,537038240733334,405662384075465,cell_026,individual,2024-03-08,business
user_0803,+915556435661,043097768893621,405767961995297,cell_002,individual,2024-10-15,social
user_0804,+914807915562,645465535851256,405993575584638,cell_020,individual,2023-12-28,social
user_0805,+912428278421,218785193583748,405839142093018,cell_047,business,2023-12-08,social
user_0806,+919637925335,779612087805726,405183676477544,cell_030,individual,2025-04-05,business
user_0807,+914371622960,494097626374848,405520200055570,cell_045,individual,2024-03-21,social
user_0808,+915954041211,862895090591196,405185212355904,cell_024,individual,2023-10-02,social
user_0809,+910873898843,339220715116965,405623554494228,cell_024,individual,2024-09-23,social
user_0810,+919930191091,521452647124631,405391365683653,cell_042,individual,2024-09-21,social
user_0811,+915690837392,157184090805120,405105018786413,cell_041,student,2024-12-18,social
user_0812,+911697747453,056409951239729,405784586892862,cell_009,individual,2025-06-05,business
user_0813,+910467890809,295927282709086,405250855622810,cell_031,business,2024-06-28,business
user_0814,+916168398655,415298217392953,405689392640849,cell_002,student,2025-05-06,social
user_0815,+914108217000,671815352373604,405558764958223,cell_008,individual,2024-04-29,social
user_0816,+912441398416,791815899886833,405463156208508,cell_032,individual,2025-02-04,social
user_0817,+918937252494,346666170715875,405881797292735,cell_037,individual,2025-06-12,social
user_0818,+916057663961,408031499825087,405134857452055,cell_021,individual,2024-09-25,business
user_0819,+912378615598,358068828503178,405334920529333,cell_006,business,2024-03-31,social
user_0820,+917929009829,137399006314034,405949923803541,cell_028,business,2025-07-15,social
user_0821,+915936054982,263560229394693,405902453547658,cell_006,individual,2025-01-11,social
user_0822,+919848167509,460666437490609,405994341528887,cell_033,business,2024-08-02,business
user_0823,+914753136242,311127128524648,405785622700936,cell_029,individual,2025-09-11,social
user_0824,+918284179379,411631873280775,405231131725362,cell_000,individual,2025-07-19,business
user_0825,+916527357427,621136957279087,405349921345979,cell_046,business,2024-06-14,social
user_0826,+911692839125,090254257306626,405470549038166,cell_009,individual,2024-07-21,business
user_0827,+913498411028,357071398482281,405506453474092,cell_026,individual,2023-11-07,social
user_0828,+917362518157,688092550213062,405109199889040,cell_041,individual,2025-03-23,social
user_0829,+916531721337,913098107964969,405670536810820,cell_009,student,2024-07-15,business
user_0830,+918614987198,794577278532420,405595491673299,cell_004,student,2025-03-06,social
user_0831,+910090467403,506420768362538,405610109784759,cell_030,individual,2024-09-04,social
user_0832,+918236482477,776755562833335,405828702999433,cell_016,individual,2025-07-18,social
user_0833,+916451629222,957865436271879,405486310580372,cell_021,student,2024-02-10,social
user_0834,+915013028210,960335826862701,405980308797004,cell_039,individual,2023-11-08,social
user_0835,+919578524907,249269326573274,405504272431012,cell_044,individual,2025-04-11,social
user_0836,+911136685494,801110005155322,405377406369498,cell_025,individual,2025-07-24,business
user_0837,+913928962296,959775244182228,405636999371646,cell_041,individual,2025-04-02,social
user_0838,+919671695545,628874312710261,405701743307326,cell_005,individual,2025-01-28,business
user_0839,+916093410020,095799270795511,405574004855081,cell_021,individual,2023-11-26,business
user_0840,+919790258825,462135415970998,405630388394129,cell_043,student,2023-11-28,business
user_0841,+914654025801,438480752034472,405656275933632,cell_034,individual,2025-07-01,business
user_0842,+912033832977,715802909046378,405588001886062,cell_024,individual,2024-08-22,social
user_0843,+917950091172,465586652548371,405465477350881,cell_020,individual,2024-09-22,social
user_0844,+916459169141,158102131251299,405409038701510,cell_040,business,2025-03-20,social
user_0845,+913906087468,005912975191026,405354842982394,cell_045,student,2025-03-04,social
user_0846,+917196209350,211063301658371,405353226826887,cell_048,business,2024-10-12,social
user_0847,+919424415561,274907280123425,405790611596514,cell_031,individual,2023-10-07,business
user_0848,+917586982977,113253269496846,405378040896845,cell_034,individual,2024-08-19,social
user_0849,+915177476897,380442101750965,405200375068722,cell_002,individual,2023-10-13,social
user_0850,+914470797912,701595919457575,405578727081071,cell_039,individual,2024-08-09,social
user_0851,+913659612870,583392056775676,405691114961068,cell_004,individual,2025-03-09,business
user_0852,+914996260821,660256265062293,405335572640968,cell_015,individual,2025-06-29,business
user_0853,+918149188551,724530762484335,405728101880269,cell_040,individual,2025-03-06,social
user_0854,+914529360742,627051157942383,405733073758718,cell_043,business,2024-07-30,social
user_0855,+916622854467,042549691928452,405576829196965,cell_018,business,2024-11-23,social
user_0856,+917154021708,597107563353579,405454681550578,cell_014,individual,2023-11-02,social
user_0857,+914102696918,532593993379709,405505346748242,cell_047,individual,2025-04-04,business
user_0858,+915169203431,295187794176347,405286131757097,cell_005,individual,2025-04-12,social
user_0859,+910204901537,733055978245752,405878723364190,cell_027,business,2024-07-06,business
user_0860,+913608896708,399140388436607,405480659815258,cell_006,individual,2024-04-02,business
user_0861,+912376754535,006157276829753,405236322758707,cell_048,student,2025-04-07,social
user_0862,+912620585442,397429250105874,405570490228583,cell_040,individual,2024-07-07,social
user_0863,+910754910624,680656259045997,405156442284320,cell_045,business,2025-07-03,business
user_0864,+912831376459,271122182315550,405207536406713,cell_006,individual,2023-10-21,social
user_0865,+915422855525,768086628137218,405431361161880,cell_028,individual,2025-06-03,business
user_0866,+915735849530,800370033228556,405597790727743,cell_010,business,2023-12-01,social
user_0867,+919754265876,084706810390332,405848442845891,cell_044,individual,2024-06-20,business
user_0868,+916376853480,195826328094486,405575925095336,cell_019,individual,2024-02-03,business
user_0869,+918840031914,394535461470792,405936427646115,cell_001,individual,2024-11-28,social
user_0870,+914988386356,321061339439456,405691465087821,cell_002,individual,2025-02-01,social
user_0871,+914998326876,943804032537656,405681023247592,cell_020,student,2024-12-10,social
user_0872,+916845140294,277894319100907,405111018660024,cell_003,student,2024-06-03,social
user_0873,+918914884364,476921053365140,405634911778576,cell_018,individual,2024-10-01,business
user_0874,+912440571282,014247310720113,405403073654309,cell_022,individual,2025-04-17,social
user_0875,+915632691587,844097123166005,405731661286859,cell_023,individual,2024-06-06,social
user_0876,+919577495387,209014473404333,405982573517964,cell_027,individual,2024-05-23,business
user_0877,+910938580992,096873045195770,405793920727861,cell_009,individual,2025-03-26,social
user_0878,+913587926340,588255629657543,405288401753769,cell_015,business,2025-01-14,social
user_0879,+914002800133,786561942557782,405973569451878,cell_033,individual,2023-11-23,business
user_0880,+912842073246,829582923616187,405793801375755,cell_026,individual,2025-03-06,business
user_0881,+911081978929,048235715586868,405380007744072,cell_036,individual,2025-04-12,social
user_0882,+917588328147,137230817214369,405489013396772,cell_043,business,2024-01-17,social
user_0883,+912974087475,130004132114719,405646122574725,cell_011,student,2024-07-08,social
user_0884,+913279921409,094565346997994,405151522401889,cell_010,individual,2025-09-15,social
user_0885,+914462276173,755047681699579,405133628829738,cell_011,individual,2023-11-14,social
user_0886,+916104601724,174811317653974,405141766416865,cell_005,individual,2024-01-17,social
user_0887,+916745453804,739610290871829,405698059133133,cell_039,individual,2024-10-05,social
user_0888,+919047242679,804918727420499,405523358967365,cell_024,individual,2025-08-28,social
user_0889,+919541691426,137730626042358,405979699438586,cell_039,individual,2024-01-07,social
user_0890,+918354548382,711222990775606,405778249162460,cell_043,business,2024-08-03,business
user_0891,+912412271693,816704686111457,405704371321179,cell_015,individual,2024-05-22,social
user_0892,+911537882767,210219237858478,405189884910062,cell_031,student,2024-10-08,social
user_0893,+912203758953,961803324260500,405750452870356,cell_037,business,2023-10-01,business
user_0894,+913791544948,498042537337779,405378436173354,cell_009,individual,2024-03-06,business
user_0895,+913383365057,812282178192367,405900253697598,cell_014,individual,2025-01-28,business
user_0896,+916872551547,460605603567939,405263117836210,cell_029,individual,2024-10-19,social
user_0897,+916648135586,862398471690617,405816981402432,cell_040,individual,2024-05-19,social
user_0898,+917113229630,205464754895479,405758677886816,cell_016,individual,2024-07-20,social
user_0899,+912516890893,989992751758890,405905475769218,cell_029,individual,2025-01-31,social
user_0900,+914968286203,449835539354358,405762166807814,cell_016,individual,2025-02-26,business
user_0901,+913098779484,963924358853798,405767203284751,cell_042,individual,2025-07-07,social
user_0902,+910597897320,433952753674974,405780609955753,cell_000,individual,2024-05-07,business
user_0903,+915080265379,141686013477894,405456591202154,cell_029,individual,2024-01-03,social
user_0904,+913026311053,406791766512214,405563633059012,cell_018,business,2024-09-26,social
user_0905,+910730777196,014188421630902,405116063935021,cell_043,individual,2023-12-24,social
user_0906,+915307459138,446333999485322,405123426421379,cell_034,individual,2024-07-25,business
user_0907,+914677758131,326389021994718,405223034357345,cell_010,individual,2025-02-17,social
user_0908,+915707004438,379223410346995,405595061373602,cell_004,individual,2025-05-27,business
user_0909,+919993456207,167726960843765,405773332797074,cell_028,individual,2025-01-02,business
user_0910,+917707608869,896793521962637,405373868806417,cell_022,individual,2024-12-12,social
user_0911,+918702567701,343697093170699,405549496529318,cell_037,individual,2025-09-23,business
user_0912,+916188324249,676164534547221,405387790566755,cell_019,business,2025-02-04,social
user_0913,+913227007726,983065031219804,405427078814229,cell_040,individual,2024-06-11,social
user_0914,+911480262855,724264236428135,405213613969619,cell_027,individual,2025-06-17,social
user_0915,+915911300087,248762303911143,405325083060253,cell_044,individual,2024-10-29,social
user_0916,+911028970797,852282305248080,405745214659830,cell_016,business,2024-09-09,business
user_0917,+919228605983,207223959473720,405242739754248,cell_029,business,2025-02-19,business
user_0918,+913613112024,901620478768866,405770524350642,cell_019,individual,2024-02-01,social
user_0919,+918246149831,859964862872038,405196452622445,cell_012,individual,2025-09-27,business
user_0920,+917639674028,419666450573038,405654429321856,cell_024,business,2023-10-13,social
user_0921,+914145575701,792463203747670,405694749557461,cell_030,individual,2024-02-21,business
user_0922,+912469909586,260321450576619,405861819365200,cell_006,individual,2025-06-26,social
user_0923,+914726474405,870715534820124,405818417926072,cell_015,individual,2025-08-25,business
user_0924,+917238040882,385076597595457,405163433492254,cell_024,business,2024-07-04,social
user_0925,+914402580354,776808981265741,405288764504505,cell_036,individual,2024-10-28,social
user_0926,+915472989584,196463004023699,405343507783444,cell_022,individual,2023-11-15,social
user_0927,+915061475649,268943012047138,405697008951577,cell_036,student,2025-08-04,business
user_0928,+912851964682,711759574988559,405776590171913,cell_018,individual,2024-07-03,social
user_0929,+917343292800,984933067458478,405618004348721,cell_044,individual,2024-03-06,social
user_0930,+914244511263,412833372188560,405616500370933,cell_018,individual,2025-03-28,business
user_0931,+913836687838,132971506662671,405130076061886,cell_001,individual,2024-08-05,business
user_0932,+917876727228,437769366343925,405539910820287,cell_042,individual,2025-02-19,business
user_0933,+919927160855,611110286712005,405705721681795,cell_025,individual,2024-03-24,business
user_0934,+912212925506,559102451091098,405107951431067,cell_017,business,2025-09-20,business
user_0935,+918585177948,267149498194214,405695497314468,cell_000,individual,2023-11-23,business
user_0936,+916467768799,817934065277588,405492772081108,cell_036,individual,2024-04-05,social
user_0937,+910071189945,663453372201098,405259927070487,cell_043,individual,2024-03-30,social
user_0938,+918409050666,221455937661899,405489106633483,cell_049,student,2024-05-22,business
user_0939,+912760316641,705263510046279,405696529762494,cell_047,individual,2024-01-29,business
user_0940,+910627888542,572565920246179,405524349666394,cell_003,individual,2024-06-06,social
user_0941,+914181871744,389743260055959,405537836982703,cell_038,individual,2025-08-01,social
user_0942,+916408829385,833258486899936,405650746117340,cell_047,business,2024-10-21,social
user_0943,+916425871432,079848704506916,405701826147496,cell_031,business,2024-01-24,social
user_0944,+914637624720,799359374403943,405605021430060,cell_018,individual,2025-04-29,social
user_0945,+910014920683,037360601488609,405748043445129,cell_049,business,2025-08-02,social
user_0946,+919563816250,490793884136856,405325999704297,cell_014,individual,2024-03-20,business
user_0947,+911204371902,615370124244626,405640180718219,cell_038,individual,2024-03-08,business
user_0948,+918579983782,144881121031427,405244086270851,cell_022,business,2024-02-18,business
user_0949,+918738578285,887817941515266,405342963720710,cell_014,individual,2024-10-12,business
user_0950,+911766973064,091122528837500,405533505096788,cell_040,business,2025-01-13,social
user_0951,+913205909035,618632397913788,405685901951306,cell_012,individual,2023-11-19,social
user_0952,+919081913019,300730950556050,405697587422218,cell_039,individual,2025-06-09,social
user_0953,+916082712749,988192778851906,405913129944112,cell_016,individual,2024-05-01,business
user_0954,+919774074992,640104246245618,405773868322352,cell_043,individual,2025-04-16,social
user_0955,+911625973061,460045212899151,405245257387473,cell_048,individual,2024-06-03,business
user_0956,+915255728925,551293913044885,405202161157629,cell_046,business,2025-05-22,social
user_0957,+911193943620,984841604615406,405270254939695,cell_049,individual,2023-10-18,social
user_0958,+912154952291,901707568142983,405413253625897,cell_042,individual,2023-10-17,business
user_0959,+917573207421,910732283608496,405343220495284,cell_043,individual,2025-08-13,business
user_0960,+918036222626,639638452696944,405440644523553,cell_008,individual,2024-08-14,social
user_0961,+913936847271,164970169342929,405925048513199,cell_040,individual,2025-04-19,social
user_0962,+910563674419,320330162341900,405934158508168,cell_006,individual,2024-12-18,business
user_0963,+911682421674,061537221556683,405970605640920,cell_040,individual,2024-04-29,social
user_0964,+914008191293,236533774604060,405698225078546,cell_041,individual,2024-12-22,social
user_0965,+911327837297,078436142442603,405706502155920,cell_002,business,2024-06-17,social
user_0966,+915185008249,975437347642737,405660513809101,cell_019,student,2024-01-25,business
user_0967,+915156097190,376388214584141,405949143384433,cell_028,individual,2023-11-24,business
user_0968,+917761279160,601913443899828,405901853570679,cell_002,individual,2024-11-01,social
user_0969,+911754225755,205869507321467,405426688709330,cell_037,individual,2024-05-25,business
user_0970,+914194583230,369995167933504,405536168500549,cell_023,individual,2025-05-26,social
user_0971,+910660855652,857368011923607,405366195959048,cell_046,individual,2024-09-03,social
user_0972,+912325728796,118723335104092,405624733172057,cell_008,individual,2024-01-03,business
user_0973,+911982667631,973153911498304,405709946147946,cell_005,individual,2024-09-05,social
user_0974,+913715672639,073651189394068,405991422490295,cell_018,individual,2024-03-31,business
user_0975,+919027559282,782019043223021,405352689872869,cell_020,business,2023-12-29,business
user_0976,+917201802619,470739201354624,405982953705305,cell_047,individual,2024-02-07,social
user_0977,+919808317761,760250826112312,405299593625575,cell_026,individual,2024-07-17,social
user_0978,+913961409501,248889957298931,405673610483700,cell_011,individual,2025-06-19,social
user_0979,+912358113703,745493036468717,405842232883397,cell_012,individual,2025-03-20,social
user_0980,+918330736347,038187692082830,405268975060043,cell_008,individual,2024-08-24,business
user_0981,+914921486687,981388158814452,405801301137445,cell_034,individual,2025-04-25,business
user_0982,+916349917269,673231829716814,405518801978548,cell_023,individual,2024-07-02,social
user_0983,+917880979737,500000015291130,405718845822826,cell_033,student,2025-08-09,business
user_0984,+912056343092,850902556184444,405309671831525,cell_032,individual,2024-01-06,social
user_0985,+918903860437,998747812248904,405509637104666,cell_017,individual,2025-03-10,business
user_0986,+914441365684,670090043655152,405763695960800,cell_010,individual,2024-07-01,business
user_0987,+910359552852,691362483550545,405317741144533,cell_016,business,2025-07-31,business
user_0988,+910833422090,080706336998797,405553901672303,cell_030,business,2025-04-25,business
user_0989,+919905105008,982210401648183,405773921037077,cell_018,business,2023-12-13,business
user_0990,+919152222743,428773836381647,405412073665604,cell_047,individual,2025-02-02,business
user_0991,+912597121931,694289464203620,405579680681340,cell_021,business,2025-08-26,social
user_0992,+914168468997,631441706462556,405479713721981,cell_007,business,2024-02-08,business
user_0993,+918590742997,635582430176462,405456630433006,cell_029,business,2024-08-19,social
user_0994,+912091382541,880315388824525,405691382491231,cell_004,individual,2024-08-04,social
user_0995,+911567996700,504043333538499,405502997000517,cell_009,business,2025-02-08,business
user_0996,+917225550241,321119787180930,405404791827349,cell_048,individual,2024-01-15,social
user_0997,+914223683520,373265306011982,405734825435283,cell_014,business,2024-04-03,business
user_0998,+918355939551,617868800230098,405235734317531,cell_043,individual,2024-12-09,social
user_0999,+912208070395,829803657744919,405636912673410,cell_046,student,2025-03-06,social
